INSERT INTO POLICY (POLICY_ID, POLICY_NAME ,PREMIUM, TENURE  )
 VALUES (101,'basic policy',2000,20),
  (102,'basic policy new',2000,20),
   (103,'basic policy premium',2000, 10),
    (104,'special policy',2000,20),
     (105,'max benefit policy',2000,15);
 
 
 	INSERT INTO MEMBER_POLICY(member_Policy_Id, policy_Id, member_ID, subscription_Date, tenure, cap_Amt_For_Beneits)
 	VALUES (201,101,3001,'2019-06-09', 10, 20000),
 	(202,101,3002,'2016-07-05', 10, 20000),
 	(203,102,3002,'2017-03-02', 10, 20000),
 	(204,103,3002,'2020-12-23', 10, 20000);
 	
 	
 	INSERT INTO MEMBER_POLICY_BENEFIT(member_Policy_Benefit_Id,member_Policy_Id, benefit)
 	VALUES (301,201,'ALL COVER')	
 	,(302,201,'ALL COVER 1')
 	,(303,201,'ALL COVER 2')
 	,(304,201,'ALL COVER 3')
 	,(305,201,'ALL COVER 4')
 	,(306,202,'ALL COVER')
 	,(307,202,'ALL COVER 1')
 	,(308,202,'ALL COVER 2')
 	,(309,203,'BENEFIT 1')
 	,(310,203,'BENEFIT 2');
 	
 		INSERT INTO POLICY_BENEFIT(policy_Benefit_Id, Policy_Id, benefit)
 	VALUES (401,101,'ALL COVER')	
 	,(402,101,'ALL COVER 1')
 	,(403,101,'ALL COVER 2')
 	,(404,101,'ALL COVER 3')
 	,(405,101,'ALL COVER 4')
 	,(406,102,'ALL COVER')	
 	,(407,102,'ALL COVER 1')
 	,(408,102,'ALL COVER 2')
 	,(409,102,'ALL COVER 3')
 	,(410,102,'ALL COVER 4')
 	,(411,103,'ALL COVER')	
 	,(412,103,'ALL COVER 1')
 	,(413,103,'ALL COVER 2')
 	,(414,103,'ALL COVER 3')
 	,(415,103,'ALL COVER 4');
 	
 	INSERT INTO PROVIDER_POLICY(PROVIDER_policy_Id, Policy_Id, PROVIDER_ID,PROVIDER_NAME,PROVIDER_LOCATION)
  	VALUES (501,101,601,'PROVIDER 1', 'NJ')
  	,(511,101,601,'PROVIDER 1', 'NEW YORK')
  	,(512,101,601,'PROVIDER 1', 'CA')
  	,(502,101,602,'PROVIDER 2', 'NEW YORK')
  	,(503,101,603,'PROVIDER 2 NEW', 'CHICAGO')
  	,(504,101,604,'PROVIDER 3', 'CA')
  	,(505,101,605,'PROVIDER 4', 'WASHINGTON')
  	,(513,101,605,'PROVIDER 4', 'NEW YORK')
  	,(514,101,605,'PROVIDER 4', 'CA')
  	,(506,102,601,'PROVIDER 1', 'NJ')
  	,(507,102,602,'PROVIDER 2', 'NEW YORK')
  	,(508,102,603,'PROVIDER 2 NEW', 'CHICAGO')
  	,(509,102,604,'PROVIDER 3', 'CA')
  	,(510,102,605,'PROVIDER 4', 'WASHINGTON');